{
    "features": [2, -2, 2, 3, -2, -2,  3,  2, -2,  3, -2,  0, -2, -2,  2,  0, -2, -2, -2],
    "thresholds": [2.44999999, -2, 4.75, 1.65000004, -2, -2, 1.75, 4.9500000, -2, 1.55000001, -2, 6.94999981, -2, -2, 4.85000014, 5.95000005, -2, -2, -2]
}
